﻿<?xml version="1.0" ?>
<?xml:stylesheet type="text/xsl" href="../common/layout.xsl" ?>

<!DOCTYPE lesson [
<!ENTITY nbsp "&#160;">
<!ENTITY test SYSTEM "test.html">
]>

<lesson title="" next="hometask.xml" prev="section5.xml" summ="0">
<h2>Тест для самопроверки</h2>

<p>Правила прохождения теста просты:
</p>
<ul>
	<li>Каждый вопрос может иметь несколько правильных вариантов ответа;</li>
	<li>За каждый верно отмеченный вариант вы получаете +1 балл;</li>
	<li>За каждый неверно отмеченный вариант вы получаете -1 балл;</li>
	<li>Результат выводится в процентной форме (50%, 90% и т.д.);</li>
	<li>Удовлетворительный результат - 80% и выше.</li>
</ul>
<p>Удачи!</p>
<br />

&test;

</lesson>